{"cameraMode":{"drawMode":0,"name":"Shaded","section":"Shading Mode"},"sceneLighting":false,"audioPlay":false,"sceneViewState":{"showFog":true,"showMaterialUpdate":false,"showSkybox":true,"showFlares":true,"showImageEffects":true,"showParticleSystems":true},"in2DMode":false,"pivot":{"x":-14.344945907592774,"y":-0.1576385498046875,"z":0.8608179092407227},"rotation":{"x":-0.15228958427906037,"y":0.5382962226867676,"z":-0.0996241346001625,"w":-0.8228780627250671},"size":19.15556526184082,"orthographic":false}